name,wt_seq,mut_seq,score,GeoExp
"D32E,S56R,I79V,C92R,I123T,T181S",MNKTIDQVRKGDRKSDLPVRRRPRRSAEETRRDILAKAEELFRERGFNAVAIADIASALNMSPANVFKHFSSKNALVDAIGFGQIGVFERQICPLDKSHAPLDRLRHLARNLMEQHHQDHFKHIRVFIQILMTAKQDMKCGDYYKSVIAKLLAEIIRDGVEAGLYIATDIPVLAETVLHALTSVIHPVLIAQEDIGNLATRCDQLVDLIDAGLRNPLAK,MNKTIDQVRKGDRKSDLPVRRRPRRSAEETRREILAKAEELFRERGFNAVAIADIARALNMSPANVFKHFSSKNALVDAVGFGQIGVFERQIRPLDKSHAPLDRLRHLARNLMEQHHQDHFKHTRVFIQILMTAKQDMKCGDYYKSVIAKLLAEIIRDGVEAGLYIATDIPVLAETVLHALSSVIHPVLIAQEDIGNLATRCDQLVDLIDAGLRNPLAK,28.899,21.39299202
"D32E,S56R,N59K,I79V,C92R,T181S",MNKTIDQVRKGDRKSDLPVRRRPRRSAEETRRDILAKAEELFRERGFNAVAIADIASALNMSPANVFKHFSSKNALVDAIGFGQIGVFERQICPLDKSHAPLDRLRHLARNLMEQHHQDHFKHIRVFIQILMTAKQDMKCGDYYKSVIAKLLAEIIRDGVEAGLYIATDIPVLAETVLHALTSVIHPVLIAQEDIGNLATRCDQLVDLIDAGLRNPLAK,MNKTIDQVRKGDRKSDLPVRRRPRRSAEETRREILAKAEELFRERGFNAVAIADIARALKMSPANVFKHFSSKNALVDAVGFGQIGVFERQIRPLDKSHAPLDRLRHLARNLMEQHHQDHFKHIRVFIQILMTAKQDMKCGDYYKSVIAKLLAEIIRDGVEAGLYIATDIPVLAETVLHALSSVIHPVLIAQEDIGNLATRCDQLVDLIDAGLRNPLAK,38.361,20.87093163
"D32E,S56R,N59K,I79V,C92R,I123T",MNKTIDQVRKGDRKSDLPVRRRPRRSAEETRRDILAKAEELFRERGFNAVAIADIASALNMSPANVFKHFSSKNALVDAIGFGQIGVFERQICPLDKSHAPLDRLRHLARNLMEQHHQDHFKHIRVFIQILMTAKQDMKCGDYYKSVIAKLLAEIIRDGVEAGLYIATDIPVLAETVLHALTSVIHPVLIAQEDIGNLATRCDQLVDLIDAGLRNPLAK,MNKTIDQVRKGDRKSDLPVRRRPRRSAEETRREILAKAEELFRERGFNAVAIADIARALKMSPANVFKHFSSKNALVDAVGFGQIGVFERQIRPLDKSHAPLDRLRHLARNLMEQHHQDHFKHTRVFIQILMTAKQDMKCGDYYKSVIAKLLAEIIRDGVEAGLYIATDIPVLAETVLHALTSVIHPVLIAQEDIGNLATRCDQLVDLIDAGLRNPLAK,30.859,20.77532578
"D32E,S56R,I79V,C92R,H106Y,T181S",MNKTIDQVRKGDRKSDLPVRRRPRRSAEETRRDILAKAEELFRERGFNAVAIADIASALNMSPANVFKHFSSKNALVDAIGFGQIGVFERQICPLDKSHAPLDRLRHLARNLMEQHHQDHFKHIRVFIQILMTAKQDMKCGDYYKSVIAKLLAEIIRDGVEAGLYIATDIPVLAETVLHALTSVIHPVLIAQEDIGNLATRCDQLVDLIDAGLRNPLAK,MNKTIDQVRKGDRKSDLPVRRRPRRSAEETRREILAKAEELFRERGFNAVAIADIARALNMSPANVFKHFSSKNALVDAVGFGQIGVFERQIRPLDKSHAPLDRLRYLARNLMEQHHQDHFKHIRVFIQILMTAKQDMKCGDYYKSVIAKLLAEIIRDGVEAGLYIATDIPVLAETVLHALSSVIHPVLIAQEDIGNLATRCDQLVDLIDAGLRNPLAK,26.707,20.52413177
"D32E,S56R,I79V,C92R,H106Y,I123T",MNKTIDQVRKGDRKSDLPVRRRPRRSAEETRRDILAKAEELFRERGFNAVAIADIASALNMSPANVFKHFSSKNALVDAIGFGQIGVFERQICPLDKSHAPLDRLRHLARNLMEQHHQDHFKHIRVFIQILMTAKQDMKCGDYYKSVIAKLLAEIIRDGVEAGLYIATDIPVLAETVLHALTSVIHPVLIAQEDIGNLATRCDQLVDLIDAGLRNPLAK,MNKTIDQVRKGDRKSDLPVRRRPRRSAEETRREILAKAEELFRERGFNAVAIADIARALNMSPANVFKHFSSKNALVDAVGFGQIGVFERQIRPLDKSHAPLDRLRYLARNLMEQHHQDHFKHTRVFIQILMTAKQDMKCGDYYKSVIAKLLAEIIRDGVEAGLYIATDIPVLAETVLHALTSVIHPVLIAQEDIGNLATRCDQLVDLIDAGLRNPLAK,28.054,20.40333748
"D32E,S56R,I79V,C92R,I123K,T181S",MNKTIDQVRKGDRKSDLPVRRRPRRSAEETRRDILAKAEELFRERGFNAVAIADIASALNMSPANVFKHFSSKNALVDAIGFGQIGVFERQICPLDKSHAPLDRLRHLARNLMEQHHQDHFKHIRVFIQILMTAKQDMKCGDYYKSVIAKLLAEIIRDGVEAGLYIATDIPVLAETVLHALTSVIHPVLIAQEDIGNLATRCDQLVDLIDAGLRNPLAK,MNKTIDQVRKGDRKSDLPVRRRPRRSAEETRREILAKAEELFRERGFNAVAIADIARALNMSPANVFKHFSSKNALVDAVGFGQIGVFERQIRPLDKSHAPLDRLRHLARNLMEQHHQDHFKHKRVFIQILMTAKQDMKCGDYYKSVIAKLLAEIIRDGVEAGLYIATDIPVLAETVLHALSSVIHPVLIAQEDIGNLATRCDQLVDLIDAGLRNPLAK,22.191,20.380373
"D32E,S56R,N59K,I79V,C92R,H106Y",MNKTIDQVRKGDRKSDLPVRRRPRRSAEETRRDILAKAEELFRERGFNAVAIADIASALNMSPANVFKHFSSKNALVDAIGFGQIGVFERQICPLDKSHAPLDRLRHLARNLMEQHHQDHFKHIRVFIQILMTAKQDMKCGDYYKSVIAKLLAEIIRDGVEAGLYIATDIPVLAETVLHALTSVIHPVLIAQEDIGNLATRCDQLVDLIDAGLRNPLAK,MNKTIDQVRKGDRKSDLPVRRRPRRSAEETRREILAKAEELFRERGFNAVAIADIARALKMSPANVFKHFSSKNALVDAVGFGQIGVFERQIRPLDKSHAPLDRLRYLARNLMEQHHQDHFKHIRVFIQILMTAKQDMKCGDYYKSVIAKLLAEIIRDGVEAGLYIATDIPVLAETVLHALTSVIHPVLIAQEDIGNLATRCDQLVDLIDAGLRNPLAK,27.856,19.94599152
"D32E,S56R,I79V,C92R,R124W,T181S",MNKTIDQVRKGDRKSDLPVRRRPRRSAEETRRDILAKAEELFRERGFNAVAIADIASALNMSPANVFKHFSSKNALVDAIGFGQIGVFERQICPLDKSHAPLDRLRHLARNLMEQHHQDHFKHIRVFIQILMTAKQDMKCGDYYKSVIAKLLAEIIRDGVEAGLYIATDIPVLAETVLHALTSVIHPVLIAQEDIGNLATRCDQLVDLIDAGLRNPLAK,MNKTIDQVRKGDRKSDLPVRRRPRRSAEETRREILAKAEELFRERGFNAVAIADIARALNMSPANVFKHFSSKNALVDAVGFGQIGVFERQIRPLDKSHAPLDRLRHLARNLMEQHHQDHFKHIWVFIQILMTAKQDMKCGDYYKSVIAKLLAEIIRDGVEAGLYIATDIPVLAETVLHALSSVIHPVLIAQEDIGNLATRCDQLVDLIDAGLRNPLAK,11.448,19.93459129
"D32E,S56R,N59K,I79V,I123T,T181S",MNKTIDQVRKGDRKSDLPVRRRPRRSAEETRRDILAKAEELFRERGFNAVAIADIASALNMSPANVFKHFSSKNALVDAIGFGQIGVFERQICPLDKSHAPLDRLRHLARNLMEQHHQDHFKHIRVFIQILMTAKQDMKCGDYYKSVIAKLLAEIIRDGVEAGLYIATDIPVLAETVLHALTSVIHPVLIAQEDIGNLATRCDQLVDLIDAGLRNPLAK,MNKTIDQVRKGDRKSDLPVRRRPRRSAEETRREILAKAEELFRERGFNAVAIADIARALKMSPANVFKHFSSKNALVDAVGFGQIGVFERQICPLDKSHAPLDRLRHLARNLMEQHHQDHFKHTRVFIQILMTAKQDMKCGDYYKSVIAKLLAEIIRDGVEAGLYIATDIPVLAETVLHALSSVIHPVLIAQEDIGNLATRCDQLVDLIDAGLRNPLAK,10.77,19.88545418
"D32E,S56R,N59K,I79V,C92R,I123K",MNKTIDQVRKGDRKSDLPVRRRPRRSAEETRRDILAKAEELFRERGFNAVAIADIASALNMSPANVFKHFSSKNALVDAIGFGQIGVFERQICPLDKSHAPLDRLRHLARNLMEQHHQDHFKHIRVFIQILMTAKQDMKCGDYYKSVIAKLLAEIIRDGVEAGLYIATDIPVLAETVLHALTSVIHPVLIAQEDIGNLATRCDQLVDLIDAGLRNPLAK,MNKTIDQVRKGDRKSDLPVRRRPRRSAEETRREILAKAEELFRERGFNAVAIADIARALKMSPANVFKHFSSKNALVDAVGFGQIGVFERQIRPLDKSHAPLDRLRHLARNLMEQHHQDHFKHKRVFIQILMTAKQDMKCGDYYKSVIAKLLAEIIRDGVEAGLYIATDIPVLAETVLHALTSVIHPVLIAQEDIGNLATRCDQLVDLIDAGLRNPLAK,28.003,19.69521141

