name,wt_seq,mut_seq,score
"I79V,V187I",MNKTIDQVRKGDRKSDLPVRRRPRRSAEETRRDILAKAEELFRERGFNAVAIADIASALNMSPANVFKHFSSKNALVDAIGFGQIGVFERQICPLDKSHAPLDRLRHLARNLMEQHHQDHFKHIRVFIQILMTAKQDMKCGDYYKSVIAKLLAEIIRDGVEAGLYIATDIPVLAETVLHALTSVIHPVLIAQEDIGNLATRCDQLVDLIDAGLRNPLAK,MNKTIDQVRKGDRKSDLPVRRRPRRSAEETRRDILAKAEELFRERGFNAVAIADIASALNMSPANVFKHFSSKNALVDAVGFGQIGVFERQICPLDKSHAPLDRLRHLARNLMEQHHQDHFKHIRVFIQILMTAKQDMKCGDYYKSVIAKLLAEIIRDGVEAGLYIATDIPVLAETVLHALTSVIHPILIAQEDIGNLATRCDQLVDLIDAGLRNPLAK,14.763333333333335
"S56R,V187I,A198T",MNKTIDQVRKGDRKSDLPVRRRPRRSAEETRRDILAKAEELFRERGFNAVAIADIASALNMSPANVFKHFSSKNALVDAIGFGQIGVFERQICPLDKSHAPLDRLRHLARNLMEQHHQDHFKHIRVFIQILMTAKQDMKCGDYYKSVIAKLLAEIIRDGVEAGLYIATDIPVLAETVLHALTSVIHPVLIAQEDIGNLATRCDQLVDLIDAGLRNPLAK,MNKTIDQVRKGDRKSDLPVRRRPRRSAEETRRDILAKAEELFRERGFNAVAIADIARALNMSPANVFKHFSSKNALVDAIGFGQIGVFERQICPLDKSHAPLDRLRHLARNLMEQHHQDHFKHIRVFIQILMTAKQDMKCGDYYKSVIAKLLAEIIRDGVEAGLYIATDIPVLAETVLHALTSVIHPILIAQEDIGNLTTRCDQLVDLIDAGLRNPLAK,5.216666666666668
"S56R,G82V,V187F,A198S,G211S",MNKTIDQVRKGDRKSDLPVRRRPRRSAEETRRDILAKAEELFRERGFNAVAIADIASALNMSPANVFKHFSSKNALVDAIGFGQIGVFERQICPLDKSHAPLDRLRHLARNLMEQHHQDHFKHIRVFIQILMTAKQDMKCGDYYKSVIAKLLAEIIRDGVEAGLYIATDIPVLAETVLHALTSVIHPVLIAQEDIGNLATRCDQLVDLIDAGLRNPLAK,MNKTIDQVRKGDRKSDLPVRRRPRRSAEETRRDILAKAEELFRERGFNAVAIADIARALNMSPANVFKHFSSKNALVDAIGFVQIGVFERQICPLDKSHAPLDRLRHLARNLMEQHHQDHFKHIRVFIQILMTAKQDMKCGDYYKSVIAKLLAEIIRDGVEAGLYIATDIPVLAETVLHALTSVIHPFLIAQEDIGNLSTRCDQLVDLIDASLRNPLAK,16.55
"S56R,C92R",MNKTIDQVRKGDRKSDLPVRRRPRRSAEETRRDILAKAEELFRERGFNAVAIADIASALNMSPANVFKHFSSKNALVDAIGFGQIGVFERQICPLDKSHAPLDRLRHLARNLMEQHHQDHFKHIRVFIQILMTAKQDMKCGDYYKSVIAKLLAEIIRDGVEAGLYIATDIPVLAETVLHALTSVIHPVLIAQEDIGNLATRCDQLVDLIDAGLRNPLAK,MNKTIDQVRKGDRKSDLPVRRRPRRSAEETRRDILAKAEELFRERGFNAVAIADIARALNMSPANVFKHFSSKNALVDAIGFGQIGVFERQIRPLDKSHAPLDRLRHLARNLMEQHHQDHFKHIRVFIQILMTAKQDMKCGDYYKSVIAKLLAEIIRDGVEAGLYIATDIPVLAETVLHALTSVIHPVLIAQEDIGNLATRCDQLVDLIDAGLRNPLAK,15.947260273972603
"S56R,E88V,C92R,D118N",MNKTIDQVRKGDRKSDLPVRRRPRRSAEETRRDILAKAEELFRERGFNAVAIADIASALNMSPANVFKHFSSKNALVDAIGFGQIGVFERQICPLDKSHAPLDRLRHLARNLMEQHHQDHFKHIRVFIQILMTAKQDMKCGDYYKSVIAKLLAEIIRDGVEAGLYIATDIPVLAETVLHALTSVIHPVLIAQEDIGNLATRCDQLVDLIDAGLRNPLAK,MNKTIDQVRKGDRKSDLPVRRRPRRSAEETRRDILAKAEELFRERGFNAVAIADIARALNMSPANVFKHFSSKNALVDAIGFGQIGVFVRQIRPLDKSHAPLDRLRHLARNLMEQHHQNHFKHIRVFIQILMTAKQDMKCGDYYKSVIAKLLAEIIRDGVEAGLYIATDIPVLAETVLHALTSVIHPVLIAQEDIGNLATRCDQLVDLIDAGLRNPLAK,35.985897435897435
"S56R,P93L",MNKTIDQVRKGDRKSDLPVRRRPRRSAEETRRDILAKAEELFRERGFNAVAIADIASALNMSPANVFKHFSSKNALVDAIGFGQIGVFERQICPLDKSHAPLDRLRHLARNLMEQHHQDHFKHIRVFIQILMTAKQDMKCGDYYKSVIAKLLAEIIRDGVEAGLYIATDIPVLAETVLHALTSVIHPVLIAQEDIGNLATRCDQLVDLIDAGLRNPLAK,MNKTIDQVRKGDRKSDLPVRRRPRRSAEETRRDILAKAEELFRERGFNAVAIADIARALNMSPANVFKHFSSKNALVDAIGFGQIGVFERQICLLDKSHAPLDRLRHLARNLMEQHHQDHFKHIRVFIQILMTAKQDMKCGDYYKSVIAKLLAEIIRDGVEAGLYIATDIPVLAETVLHALTSVIHPVLIAQEDIGNLATRCDQLVDLIDAGLRNPLAK,16.95625
"G82V,V187F,A198S,G211S",MNKTIDQVRKGDRKSDLPVRRRPRRSAEETRRDILAKAEELFRERGFNAVAIADIASALNMSPANVFKHFSSKNALVDAIGFGQIGVFERQICPLDKSHAPLDRLRHLARNLMEQHHQDHFKHIRVFIQILMTAKQDMKCGDYYKSVIAKLLAEIIRDGVEAGLYIATDIPVLAETVLHALTSVIHPVLIAQEDIGNLATRCDQLVDLIDAGLRNPLAK,MNKTIDQVRKGDRKSDLPVRRRPRRSAEETRRDILAKAEELFRERGFNAVAIADIASALNMSPANVFKHFSSKNALVDAIGFVQIGVFERQICPLDKSHAPLDRLRHLARNLMEQHHQDHFKHIRVFIQILMTAKQDMKCGDYYKSVIAKLLAEIIRDGVEAGLYIATDIPVLAETVLHALTSVIHPFLIAQEDIGNLSTRCDQLVDLIDASLRNPLAK,7.673966942148762
"D32E,R42S,S56R",MNKTIDQVRKGDRKSDLPVRRRPRRSAEETRRDILAKAEELFRERGFNAVAIADIASALNMSPANVFKHFSSKNALVDAIGFGQIGVFERQICPLDKSHAPLDRLRHLARNLMEQHHQDHFKHIRVFIQILMTAKQDMKCGDYYKSVIAKLLAEIIRDGVEAGLYIATDIPVLAETVLHALTSVIHPVLIAQEDIGNLATRCDQLVDLIDAGLRNPLAK,MNKTIDQVRKGDRKSDLPVRRRPRRSAEETRREILAKAEELFSERGFNAVAIADIARALNMSPANVFKHFSSKNALVDAIGFGQIGVFERQICPLDKSHAPLDRLRHLARNLMEQHHQDHFKHIRVFIQILMTAKQDMKCGDYYKSVIAKLLAEIIRDGVEAGLYIATDIPVLAETVLHALTSVIHPVLIAQEDIGNLATRCDQLVDLIDAGLRNPLAK,30.675
"S56R,P93L,D118N",MNKTIDQVRKGDRKSDLPVRRRPRRSAEETRRDILAKAEELFRERGFNAVAIADIASALNMSPANVFKHFSSKNALVDAIGFGQIGVFERQICPLDKSHAPLDRLRHLARNLMEQHHQDHFKHIRVFIQILMTAKQDMKCGDYYKSVIAKLLAEIIRDGVEAGLYIATDIPVLAETVLHALTSVIHPVLIAQEDIGNLATRCDQLVDLIDAGLRNPLAK,MNKTIDQVRKGDRKSDLPVRRRPRRSAEETRRDILAKAEELFRERGFNAVAIADIARALNMSPANVFKHFSSKNALVDAIGFGQIGVFERQICLLDKSHAPLDRLRHLARNLMEQHHQNHFKHIRVFIQILMTAKQDMKCGDYYKSVIAKLLAEIIRDGVEAGLYIATDIPVLAETVLHALTSVIHPVLIAQEDIGNLATRCDQLVDLIDAGLRNPLAK,39.97857142857142
"S56R,P93L,H106Y,V187L",MNKTIDQVRKGDRKSDLPVRRRPRRSAEETRRDILAKAEELFRERGFNAVAIADIASALNMSPANVFKHFSSKNALVDAIGFGQIGVFERQICPLDKSHAPLDRLRHLARNLMEQHHQDHFKHIRVFIQILMTAKQDMKCGDYYKSVIAKLLAEIIRDGVEAGLYIATDIPVLAETVLHALTSVIHPVLIAQEDIGNLATRCDQLVDLIDAGLRNPLAK,MNKTIDQVRKGDRKSDLPVRRRPRRSAEETRRDILAKAEELFRERGFNAVAIADIARALNMSPANVFKHFSSKNALVDAIGFGQIGVFERQICLLDKSHAPLDRLRYLARNLMEQHHQDHFKHIRVFIQILMTAKQDMKCGDYYKSVIAKLLAEIIRDGVEAGLYIATDIPVLAETVLHALTSVIHPLLIAQEDIGNLATRCDQLVDLIDAGLRNPLAK,34.37499999999999
"D32E,S56R,T181S,Q203R",MNKTIDQVRKGDRKSDLPVRRRPRRSAEETRRDILAKAEELFRERGFNAVAIADIASALNMSPANVFKHFSSKNALVDAIGFGQIGVFERQICPLDKSHAPLDRLRHLARNLMEQHHQDHFKHIRVFIQILMTAKQDMKCGDYYKSVIAKLLAEIIRDGVEAGLYIATDIPVLAETVLHALTSVIHPVLIAQEDIGNLATRCDQLVDLIDAGLRNPLAK,MNKTIDQVRKGDRKSDLPVRRRPRRSAEETRREILAKAEELFRERGFNAVAIADIARALNMSPANVFKHFSSKNALVDAIGFGQIGVFERQICPLDKSHAPLDRLRHLARNLMEQHHQDHFKHIRVFIQILMTAKQDMKCGDYYKSVIAKLLAEIIRDGVEAGLYIATDIPVLAETVLHALSSVIHPVLIAQEDIGNLATRCDRLVDLIDAGLRNPLAK,40.76212121212121
"A35T,I79V,V187I,A198S",MNKTIDQVRKGDRKSDLPVRRRPRRSAEETRRDILAKAEELFRERGFNAVAIADIASALNMSPANVFKHFSSKNALVDAIGFGQIGVFERQICPLDKSHAPLDRLRHLARNLMEQHHQDHFKHIRVFIQILMTAKQDMKCGDYYKSVIAKLLAEIIRDGVEAGLYIATDIPVLAETVLHALTSVIHPVLIAQEDIGNLATRCDQLVDLIDAGLRNPLAK,MNKTIDQVRKGDRKSDLPVRRRPRRSAEETRRDILTKAEELFRERGFNAVAIADIASALNMSPANVFKHFSSKNALVDAVGFGQIGVFERQICPLDKSHAPLDRLRHLARNLMEQHHQDHFKHIRVFIQILMTAKQDMKCGDYYKSVIAKLLAEIIRDGVEAGLYIATDIPVLAETVLHALTSVIHPILIAQEDIGNLSTRCDQLVDLIDAGLRNPLAK,14.347752808988766
"R42G,S56R,A74T,C92R,P93L",MNKTIDQVRKGDRKSDLPVRRRPRRSAEETRRDILAKAEELFRERGFNAVAIADIASALNMSPANVFKHFSSKNALVDAIGFGQIGVFERQICPLDKSHAPLDRLRHLARNLMEQHHQDHFKHIRVFIQILMTAKQDMKCGDYYKSVIAKLLAEIIRDGVEAGLYIATDIPVLAETVLHALTSVIHPVLIAQEDIGNLATRCDQLVDLIDAGLRNPLAK,MNKTIDQVRKGDRKSDLPVRRRPRRSAEETRRDILAKAEELFGERGFNAVAIADIARALNMSPANVFKHFSSKNTLVDAIGFGQIGVFERQIRLLDKSHAPLDRLRHLARNLMEQHHQDHFKHIRVFIQILMTAKQDMKCGDYYKSVIAKLLAEIIRDGVEAGLYIATDIPVLAETVLHALTSVIHPVLIAQEDIGNLATRCDQLVDLIDAGLRNPLAK,18.606338028169016
"S56R,G85R,P93L,D118N",MNKTIDQVRKGDRKSDLPVRRRPRRSAEETRRDILAKAEELFRERGFNAVAIADIASALNMSPANVFKHFSSKNALVDAIGFGQIGVFERQICPLDKSHAPLDRLRHLARNLMEQHHQDHFKHIRVFIQILMTAKQDMKCGDYYKSVIAKLLAEIIRDGVEAGLYIATDIPVLAETVLHALTSVIHPVLIAQEDIGNLATRCDQLVDLIDAGLRNPLAK,MNKTIDQVRKGDRKSDLPVRRRPRRSAEETRRDILAKAEELFRERGFNAVAIADIARALNMSPANVFKHFSSKNALVDAIGFGQIRVFERQICLLDKSHAPLDRLRHLARNLMEQHHQNHFKHIRVFIQILMTAKQDMKCGDYYKSVIAKLLAEIIRDGVEAGLYIATDIPVLAETVLHALTSVIHPVLIAQEDIGNLATRCDQLVDLIDAGLRNPLAK,33.60128205128205
"S56R,P93L,V187I",MNKTIDQVRKGDRKSDLPVRRRPRRSAEETRRDILAKAEELFRERGFNAVAIADIASALNMSPANVFKHFSSKNALVDAIGFGQIGVFERQICPLDKSHAPLDRLRHLARNLMEQHHQDHFKHIRVFIQILMTAKQDMKCGDYYKSVIAKLLAEIIRDGVEAGLYIATDIPVLAETVLHALTSVIHPVLIAQEDIGNLATRCDQLVDLIDAGLRNPLAK,MNKTIDQVRKGDRKSDLPVRRRPRRSAEETRRDILAKAEELFRERGFNAVAIADIARALNMSPANVFKHFSSKNALVDAIGFGQIGVFERQICLLDKSHAPLDRLRHLARNLMEQHHQDHFKHIRVFIQILMTAKQDMKCGDYYKSVIAKLLAEIIRDGVEAGLYIATDIPVLAETVLHALTSVIHPILIAQEDIGNLATRCDQLVDLIDAGLRNPLAK,32.16904761904761
"S56R,P93L,V187L",MNKTIDQVRKGDRKSDLPVRRRPRRSAEETRRDILAKAEELFRERGFNAVAIADIASALNMSPANVFKHFSSKNALVDAIGFGQIGVFERQICPLDKSHAPLDRLRHLARNLMEQHHQDHFKHIRVFIQILMTAKQDMKCGDYYKSVIAKLLAEIIRDGVEAGLYIATDIPVLAETVLHALTSVIHPVLIAQEDIGNLATRCDQLVDLIDAGLRNPLAK,MNKTIDQVRKGDRKSDLPVRRRPRRSAEETRRDILAKAEELFRERGFNAVAIADIARALNMSPANVFKHFSSKNALVDAIGFGQIGVFERQICLLDKSHAPLDRLRHLARNLMEQHHQDHFKHIRVFIQILMTAKQDMKCGDYYKSVIAKLLAEIIRDGVEAGLYIATDIPVLAETVLHALTSVIHPLLIAQEDIGNLATRCDQLVDLIDAGLRNPLAK,28.876086956521743
"D32E,I79V,T181S,A198S",MNKTIDQVRKGDRKSDLPVRRRPRRSAEETRRDILAKAEELFRERGFNAVAIADIASALNMSPANVFKHFSSKNALVDAIGFGQIGVFERQICPLDKSHAPLDRLRHLARNLMEQHHQDHFKHIRVFIQILMTAKQDMKCGDYYKSVIAKLLAEIIRDGVEAGLYIATDIPVLAETVLHALTSVIHPVLIAQEDIGNLATRCDQLVDLIDAGLRNPLAK,MNKTIDQVRKGDRKSDLPVRRRPRRSAEETRREILAKAEELFRERGFNAVAIADIASALNMSPANVFKHFSSKNALVDAVGFGQIGVFERQICPLDKSHAPLDRLRHLARNLMEQHHQDHFKHIRVFIQILMTAKQDMKCGDYYKSVIAKLLAEIIRDGVEAGLYIATDIPVLAETVLHALSSVIHPVLIAQEDIGNLSTRCDQLVDLIDAGLRNPLAK,52.973076923076924
"D32E,R42S,S56R,C92R",MNKTIDQVRKGDRKSDLPVRRRPRRSAEETRRDILAKAEELFRERGFNAVAIADIASALNMSPANVFKHFSSKNALVDAIGFGQIGVFERQICPLDKSHAPLDRLRHLARNLMEQHHQDHFKHIRVFIQILMTAKQDMKCGDYYKSVIAKLLAEIIRDGVEAGLYIATDIPVLAETVLHALTSVIHPVLIAQEDIGNLATRCDQLVDLIDAGLRNPLAK,MNKTIDQVRKGDRKSDLPVRRRPRRSAEETRREILAKAEELFSERGFNAVAIADIARALNMSPANVFKHFSSKNALVDAIGFGQIGVFERQIRPLDKSHAPLDRLRHLARNLMEQHHQDHFKHIRVFIQILMTAKQDMKCGDYYKSVIAKLLAEIIRDGVEAGLYIATDIPVLAETVLHALTSVIHPVLIAQEDIGNLATRCDQLVDLIDAGLRNPLAK,45.020588235294106
"R42S,S56R,C92R,D118N",MNKTIDQVRKGDRKSDLPVRRRPRRSAEETRRDILAKAEELFRERGFNAVAIADIASALNMSPANVFKHFSSKNALVDAIGFGQIGVFERQICPLDKSHAPLDRLRHLARNLMEQHHQDHFKHIRVFIQILMTAKQDMKCGDYYKSVIAKLLAEIIRDGVEAGLYIATDIPVLAETVLHALTSVIHPVLIAQEDIGNLATRCDQLVDLIDAGLRNPLAK,MNKTIDQVRKGDRKSDLPVRRRPRRSAEETRRDILAKAEELFSERGFNAVAIADIARALNMSPANVFKHFSSKNALVDAIGFGQIGVFERQIRPLDKSHAPLDRLRHLARNLMEQHHQNHFKHIRVFIQILMTAKQDMKCGDYYKSVIAKLLAEIIRDGVEAGLYIATDIPVLAETVLHALTSVIHPVLIAQEDIGNLATRCDQLVDLIDAGLRNPLAK,27.099999999999998
"S56R,C92R,P93L,D118N",MNKTIDQVRKGDRKSDLPVRRRPRRSAEETRRDILAKAEELFRERGFNAVAIADIASALNMSPANVFKHFSSKNALVDAIGFGQIGVFERQICPLDKSHAPLDRLRHLARNLMEQHHQDHFKHIRVFIQILMTAKQDMKCGDYYKSVIAKLLAEIIRDGVEAGLYIATDIPVLAETVLHALTSVIHPVLIAQEDIGNLATRCDQLVDLIDAGLRNPLAK,MNKTIDQVRKGDRKSDLPVRRRPRRSAEETRRDILAKAEELFRERGFNAVAIADIARALNMSPANVFKHFSSKNALVDAIGFGQIGVFERQIRLLDKSHAPLDRLRHLARNLMEQHHQNHFKHIRVFIQILMTAKQDMKCGDYYKSVIAKLLAEIIRDGVEAGLYIATDIPVLAETVLHALTSVIHPVLIAQEDIGNLATRCDQLVDLIDAGLRNPLAK,23.628431372549024
"A35T,E43V,S56R,P93L,V187F",MNKTIDQVRKGDRKSDLPVRRRPRRSAEETRRDILAKAEELFRERGFNAVAIADIASALNMSPANVFKHFSSKNALVDAIGFGQIGVFERQICPLDKSHAPLDRLRHLARNLMEQHHQDHFKHIRVFIQILMTAKQDMKCGDYYKSVIAKLLAEIIRDGVEAGLYIATDIPVLAETVLHALTSVIHPVLIAQEDIGNLATRCDQLVDLIDAGLRNPLAK,MNKTIDQVRKGDRKSDLPVRRRPRRSAEETRRDILTKAEELFRVRGFNAVAIADIARALNMSPANVFKHFSSKNALVDAIGFGQIGVFERQICLLDKSHAPLDRLRHLARNLMEQHHQDHFKHIRVFIQILMTAKQDMKCGDYYKSVIAKLLAEIIRDGVEAGLYIATDIPVLAETVLHALTSVIHPFLIAQEDIGNLATRCDQLVDLIDAGLRNPLAK,31.01511627906977
"D32E,S56R,V187I",MNKTIDQVRKGDRKSDLPVRRRPRRSAEETRRDILAKAEELFRERGFNAVAIADIASALNMSPANVFKHFSSKNALVDAIGFGQIGVFERQICPLDKSHAPLDRLRHLARNLMEQHHQDHFKHIRVFIQILMTAKQDMKCGDYYKSVIAKLLAEIIRDGVEAGLYIATDIPVLAETVLHALTSVIHPVLIAQEDIGNLATRCDQLVDLIDAGLRNPLAK,MNKTIDQVRKGDRKSDLPVRRRPRRSAEETRREILAKAEELFRERGFNAVAIADIARALNMSPANVFKHFSSKNALVDAIGFGQIGVFERQICPLDKSHAPLDRLRHLARNLMEQHHQDHFKHIRVFIQILMTAKQDMKCGDYYKSVIAKLLAEIIRDGVEAGLYIATDIPVLAETVLHALTSVIHPILIAQEDIGNLATRCDQLVDLIDAGLRNPLAK,38.105555555555554
"S56R,V205I",MNKTIDQVRKGDRKSDLPVRRRPRRSAEETRRDILAKAEELFRERGFNAVAIADIASALNMSPANVFKHFSSKNALVDAIGFGQIGVFERQICPLDKSHAPLDRLRHLARNLMEQHHQDHFKHIRVFIQILMTAKQDMKCGDYYKSVIAKLLAEIIRDGVEAGLYIATDIPVLAETVLHALTSVIHPVLIAQEDIGNLATRCDQLVDLIDAGLRNPLAK,MNKTIDQVRKGDRKSDLPVRRRPRRSAEETRRDILAKAEELFRERGFNAVAIADIARALNMSPANVFKHFSSKNALVDAIGFGQIGVFERQICPLDKSHAPLDRLRHLARNLMEQHHQDHFKHIRVFIQILMTAKQDMKCGDYYKSVIAKLLAEIIRDGVEAGLYIATDIPVLAETVLHALTSVIHPVLIAQEDIGNLATRCDQLIDLIDAGLRNPLAK,11.963793103448275
"D32E,R42S,S56R,D118N",MNKTIDQVRKGDRKSDLPVRRRPRRSAEETRRDILAKAEELFRERGFNAVAIADIASALNMSPANVFKHFSSKNALVDAIGFGQIGVFERQICPLDKSHAPLDRLRHLARNLMEQHHQDHFKHIRVFIQILMTAKQDMKCGDYYKSVIAKLLAEIIRDGVEAGLYIATDIPVLAETVLHALTSVIHPVLIAQEDIGNLATRCDQLVDLIDAGLRNPLAK,MNKTIDQVRKGDRKSDLPVRRRPRRSAEETRREILAKAEELFSERGFNAVAIADIARALNMSPANVFKHFSSKNALVDAIGFGQIGVFERQICPLDKSHAPLDRLRHLARNLMEQHHQNHFKHIRVFIQILMTAKQDMKCGDYYKSVIAKLLAEIIRDGVEAGLYIATDIPVLAETVLHALTSVIHPVLIAQEDIGNLATRCDQLVDLIDAGLRNPLAK,20.685593220338983
"R42G,A52T,S56R,A74T,P93L,D118N",MNKTIDQVRKGDRKSDLPVRRRPRRSAEETRRDILAKAEELFRERGFNAVAIADIASALNMSPANVFKHFSSKNALVDAIGFGQIGVFERQICPLDKSHAPLDRLRHLARNLMEQHHQDHFKHIRVFIQILMTAKQDMKCGDYYKSVIAKLLAEIIRDGVEAGLYIATDIPVLAETVLHALTSVIHPVLIAQEDIGNLATRCDQLVDLIDAGLRNPLAK,MNKTIDQVRKGDRKSDLPVRRRPRRSAEETRRDILAKAEELFGERGFNAVAITDIARALNMSPANVFKHFSSKNTLVDAIGFGQIGVFERQICLLDKSHAPLDRLRHLARNLMEQHHQNHFKHIRVFIQILMTAKQDMKCGDYYKSVIAKLLAEIIRDGVEAGLYIATDIPVLAETVLHALTSVIHPVLIAQEDIGNLATRCDQLVDLIDAGLRNPLAK,34.286842105263155
R12S,MNKTIDQVRKGDRKSDLPVRRRPRRSAEETRRDILAKAEELFRERGFNAVAIADIASALNMSPANVFKHFSSKNALVDAIGFGQIGVFERQICPLDKSHAPLDRLRHLARNLMEQHHQDHFKHIRVFIQILMTAKQDMKCGDYYKSVIAKLLAEIIRDGVEAGLYIATDIPVLAETVLHALTSVIHPVLIAQEDIGNLATRCDQLVDLIDAGLRNPLAK,MNKTIDQVRKGDSKSDLPVRRRPRRSAEETRRDILAKAEELFRERGFNAVAIADIASALNMSPANVFKHFSSKNALVDAIGFGQIGVFERQICPLDKSHAPLDRLRHLARNLMEQHHQDHFKHIRVFIQILMTAKQDMKCGDYYKSVIAKLLAEIIRDGVEAGLYIATDIPVLAETVLHALTSVIHPVLIAQEDIGNLATRCDQLVDLIDAGLRNPLAK,0.19788732394366182
D15E,MNKTIDQVRKGDRKSDLPVRRRPRRSAEETRRDILAKAEELFRERGFNAVAIADIASALNMSPANVFKHFSSKNALVDAIGFGQIGVFERQICPLDKSHAPLDRLRHLARNLMEQHHQDHFKHIRVFIQILMTAKQDMKCGDYYKSVIAKLLAEIIRDGVEAGLYIATDIPVLAETVLHALTSVIHPVLIAQEDIGNLATRCDQLVDLIDAGLRNPLAK,MNKTIDQVRKGDRKSELPVRRRPRRSAEETRRDILAKAEELFRERGFNAVAIADIASALNMSPANVFKHFSSKNALVDAIGFGQIGVFERQICPLDKSHAPLDRLRHLARNLMEQHHQDHFKHIRVFIQILMTAKQDMKCGDYYKSVIAKLLAEIIRDGVEAGLYIATDIPVLAETVLHALTSVIHPVLIAQEDIGNLATRCDQLVDLIDAGLRNPLAK,4.860344827586208
I123T,MNKTIDQVRKGDRKSDLPVRRRPRRSAEETRRDILAKAEELFRERGFNAVAIADIASALNMSPANVFKHFSSKNALVDAIGFGQIGVFERQICPLDKSHAPLDRLRHLARNLMEQHHQDHFKHIRVFIQILMTAKQDMKCGDYYKSVIAKLLAEIIRDGVEAGLYIATDIPVLAETVLHALTSVIHPVLIAQEDIGNLATRCDQLVDLIDAGLRNPLAK,MNKTIDQVRKGDRKSDLPVRRRPRRSAEETRRDILAKAEELFRERGFNAVAIADIASALNMSPANVFKHFSSKNALVDAIGFGQIGVFERQICPLDKSHAPLDRLRHLARNLMEQHHQDHFKHTRVFIQILMTAKQDMKCGDYYKSVIAKLLAEIIRDGVEAGLYIATDIPVLAETVLHALTSVIHPVLIAQEDIGNLATRCDQLVDLIDAGLRNPLAK,1.1303921568627446
D15N,MNKTIDQVRKGDRKSDLPVRRRPRRSAEETRRDILAKAEELFRERGFNAVAIADIASALNMSPANVFKHFSSKNALVDAIGFGQIGVFERQICPLDKSHAPLDRLRHLARNLMEQHHQDHFKHIRVFIQILMTAKQDMKCGDYYKSVIAKLLAEIIRDGVEAGLYIATDIPVLAETVLHALTSVIHPVLIAQEDIGNLATRCDQLVDLIDAGLRNPLAK,MNKTIDQVRKGDRKSNLPVRRRPRRSAEETRRDILAKAEELFRERGFNAVAIADIASALNMSPANVFKHFSSKNALVDAIGFGQIGVFERQICPLDKSHAPLDRLRHLARNLMEQHHQDHFKHIRVFIQILMTAKQDMKCGDYYKSVIAKLLAEIIRDGVEAGLYIATDIPVLAETVLHALTSVIHPVLIAQEDIGNLATRCDQLVDLIDAGLRNPLAK,0.3729813664596273
D32E,MNKTIDQVRKGDRKSDLPVRRRPRRSAEETRRDILAKAEELFRERGFNAVAIADIASALNMSPANVFKHFSSKNALVDAIGFGQIGVFERQICPLDKSHAPLDRLRHLARNLMEQHHQDHFKHIRVFIQILMTAKQDMKCGDYYKSVIAKLLAEIIRDGVEAGLYIATDIPVLAETVLHALTSVIHPVLIAQEDIGNLATRCDQLVDLIDAGLRNPLAK,MNKTIDQVRKGDRKSDLPVRRRPRRSAEETRREILAKAEELFRERGFNAVAIADIASALNMSPANVFKHFSSKNALVDAIGFGQIGVFERQICPLDKSHAPLDRLRHLARNLMEQHHQDHFKHIRVFIQILMTAKQDMKCGDYYKSVIAKLLAEIIRDGVEAGLYIATDIPVLAETVLHALTSVIHPVLIAQEDIGNLATRCDQLVDLIDAGLRNPLAK,15.25
R42S,MNKTIDQVRKGDRKSDLPVRRRPRRSAEETRRDILAKAEELFRERGFNAVAIADIASALNMSPANVFKHFSSKNALVDAIGFGQIGVFERQICPLDKSHAPLDRLRHLARNLMEQHHQDHFKHIRVFIQILMTAKQDMKCGDYYKSVIAKLLAEIIRDGVEAGLYIATDIPVLAETVLHALTSVIHPVLIAQEDIGNLATRCDQLVDLIDAGLRNPLAK,MNKTIDQVRKGDRKSDLPVRRRPRRSAEETRRDILAKAEELFSERGFNAVAIADIASALNMSPANVFKHFSSKNALVDAIGFGQIGVFERQICPLDKSHAPLDRLRHLARNLMEQHHQDHFKHIRVFIQILMTAKQDMKCGDYYKSVIAKLLAEIIRDGVEAGLYIATDIPVLAETVLHALTSVIHPVLIAQEDIGNLATRCDQLVDLIDAGLRNPLAK,7.211764705882351
S56R,MNKTIDQVRKGDRKSDLPVRRRPRRSAEETRRDILAKAEELFRERGFNAVAIADIASALNMSPANVFKHFSSKNALVDAIGFGQIGVFERQICPLDKSHAPLDRLRHLARNLMEQHHQDHFKHIRVFIQILMTAKQDMKCGDYYKSVIAKLLAEIIRDGVEAGLYIATDIPVLAETVLHALTSVIHPVLIAQEDIGNLATRCDQLVDLIDAGLRNPLAK,MNKTIDQVRKGDRKSDLPVRRRPRRSAEETRRDILAKAEELFRERGFNAVAIADIARALNMSPANVFKHFSSKNALVDAIGFGQIGVFERQICPLDKSHAPLDRLRHLARNLMEQHHQDHFKHIRVFIQILMTAKQDMKCGDYYKSVIAKLLAEIIRDGVEAGLYIATDIPVLAETVLHALTSVIHPVLIAQEDIGNLATRCDQLVDLIDAGLRNPLAK,22.795283018867927
"F87L,P93L",MNKTIDQVRKGDRKSDLPVRRRPRRSAEETRRDILAKAEELFRERGFNAVAIADIASALNMSPANVFKHFSSKNALVDAIGFGQIGVFERQICPLDKSHAPLDRLRHLARNLMEQHHQDHFKHIRVFIQILMTAKQDMKCGDYYKSVIAKLLAEIIRDGVEAGLYIATDIPVLAETVLHALTSVIHPVLIAQEDIGNLATRCDQLVDLIDAGLRNPLAK,MNKTIDQVRKGDRKSDLPVRRRPRRSAEETRRDILAKAEELFRERGFNAVAIADIASALNMSPANVFKHFSSKNALVDAIGFGQIGVLERQICLLDKSHAPLDRLRHLARNLMEQHHQDHFKHIRVFIQILMTAKQDMKCGDYYKSVIAKLLAEIIRDGVEAGLYIATDIPVLAETVLHALTSVIHPVLIAQEDIGNLATRCDQLVDLIDAGLRNPLAK,3.4625683060109287
P93L,MNKTIDQVRKGDRKSDLPVRRRPRRSAEETRRDILAKAEELFRERGFNAVAIADIASALNMSPANVFKHFSSKNALVDAIGFGQIGVFERQICPLDKSHAPLDRLRHLARNLMEQHHQDHFKHIRVFIQILMTAKQDMKCGDYYKSVIAKLLAEIIRDGVEAGLYIATDIPVLAETVLHALTSVIHPVLIAQEDIGNLATRCDQLVDLIDAGLRNPLAK,MNKTIDQVRKGDRKSDLPVRRRPRRSAEETRRDILAKAEELFRERGFNAVAIADIASALNMSPANVFKHFSSKNALVDAIGFGQIGVFERQICLLDKSHAPLDRLRHLARNLMEQHHQDHFKHIRVFIQILMTAKQDMKCGDYYKSVIAKLLAEIIRDGVEAGLYIATDIPVLAETVLHALTSVIHPVLIAQEDIGNLATRCDQLVDLIDAGLRNPLAK,-0.13393782383419728
D53H,MNKTIDQVRKGDRKSDLPVRRRPRRSAEETRRDILAKAEELFRERGFNAVAIADIASALNMSPANVFKHFSSKNALVDAIGFGQIGVFERQICPLDKSHAPLDRLRHLARNLMEQHHQDHFKHIRVFIQILMTAKQDMKCGDYYKSVIAKLLAEIIRDGVEAGLYIATDIPVLAETVLHALTSVIHPVLIAQEDIGNLATRCDQLVDLIDAGLRNPLAK,MNKTIDQVRKGDRKSDLPVRRRPRRSAEETRRDILAKAEELFRERGFNAVAIAHIASALNMSPANVFKHFSSKNALVDAIGFGQIGVFERQICPLDKSHAPLDRLRHLARNLMEQHHQDHFKHIRVFIQILMTAKQDMKCGDYYKSVIAKLLAEIIRDGVEAGLYIATDIPVLAETVLHALTSVIHPVLIAQEDIGNLATRCDQLVDLIDAGLRNPLAK,0.8330188679245287
I79V,MNKTIDQVRKGDRKSDLPVRRRPRRSAEETRRDILAKAEELFRERGFNAVAIADIASALNMSPANVFKHFSSKNALVDAIGFGQIGVFERQICPLDKSHAPLDRLRHLARNLMEQHHQDHFKHIRVFIQILMTAKQDMKCGDYYKSVIAKLLAEIIRDGVEAGLYIATDIPVLAETVLHALTSVIHPVLIAQEDIGNLATRCDQLVDLIDAGLRNPLAK,MNKTIDQVRKGDRKSDLPVRRRPRRSAEETRRDILAKAEELFRERGFNAVAIADIASALNMSPANVFKHFSSKNALVDAVGFGQIGVFERQICPLDKSHAPLDRLRHLARNLMEQHHQDHFKHIRVFIQILMTAKQDMKCGDYYKSVIAKLLAEIIRDGVEAGLYIATDIPVLAETVLHALTSVIHPVLIAQEDIGNLATRCDQLVDLIDAGLRNPLAK,15.102631578947367
V187F,MNKTIDQVRKGDRKSDLPVRRRPRRSAEETRRDILAKAEELFRERGFNAVAIADIASALNMSPANVFKHFSSKNALVDAIGFGQIGVFERQICPLDKSHAPLDRLRHLARNLMEQHHQDHFKHIRVFIQILMTAKQDMKCGDYYKSVIAKLLAEIIRDGVEAGLYIATDIPVLAETVLHALTSVIHPVLIAQEDIGNLATRCDQLVDLIDAGLRNPLAK,MNKTIDQVRKGDRKSDLPVRRRPRRSAEETRRDILAKAEELFRERGFNAVAIADIASALNMSPANVFKHFSSKNALVDAIGFGQIGVFERQICPLDKSHAPLDRLRHLARNLMEQHHQDHFKHIRVFIQILMTAKQDMKCGDYYKSVIAKLLAEIIRDGVEAGLYIATDIPVLAETVLHALTSVIHPFLIAQEDIGNLATRCDQLVDLIDAGLRNPLAK,0.12795698924731136
"G82V,Q203H",MNKTIDQVRKGDRKSDLPVRRRPRRSAEETRRDILAKAEELFRERGFNAVAIADIASALNMSPANVFKHFSSKNALVDAIGFGQIGVFERQICPLDKSHAPLDRLRHLARNLMEQHHQDHFKHIRVFIQILMTAKQDMKCGDYYKSVIAKLLAEIIRDGVEAGLYIATDIPVLAETVLHALTSVIHPVLIAQEDIGNLATRCDQLVDLIDAGLRNPLAK,MNKTIDQVRKGDRKSDLPVRRRPRRSAEETRRDILAKAEELFRERGFNAVAIADIASALNMSPANVFKHFSSKNALVDAIGFVQIGVFERQICPLDKSHAPLDRLRHLARNLMEQHHQDHFKHIRVFIQILMTAKQDMKCGDYYKSVIAKLLAEIIRDGVEAGLYIATDIPVLAETVLHALTSVIHPVLIAQEDIGNLATRCDHLVDLIDAGLRNPLAK,5.775806451612902
"R124W,Q203H",MNKTIDQVRKGDRKSDLPVRRRPRRSAEETRRDILAKAEELFRERGFNAVAIADIASALNMSPANVFKHFSSKNALVDAIGFGQIGVFERQICPLDKSHAPLDRLRHLARNLMEQHHQDHFKHIRVFIQILMTAKQDMKCGDYYKSVIAKLLAEIIRDGVEAGLYIATDIPVLAETVLHALTSVIHPVLIAQEDIGNLATRCDQLVDLIDAGLRNPLAK,MNKTIDQVRKGDRKSDLPVRRRPRRSAEETRRDILAKAEELFRERGFNAVAIADIASALNMSPANVFKHFSSKNALVDAIGFGQIGVFERQICPLDKSHAPLDRLRHLARNLMEQHHQDHFKHIWVFIQILMTAKQDMKCGDYYKSVIAKLLAEIIRDGVEAGLYIATDIPVLAETVLHALTSVIHPVLIAQEDIGNLATRCDHLVDLIDAGLRNPLAK,8.3625
"R12C,D32E",MNKTIDQVRKGDRKSDLPVRRRPRRSAEETRRDILAKAEELFRERGFNAVAIADIASALNMSPANVFKHFSSKNALVDAIGFGQIGVFERQICPLDKSHAPLDRLRHLARNLMEQHHQDHFKHIRVFIQILMTAKQDMKCGDYYKSVIAKLLAEIIRDGVEAGLYIATDIPVLAETVLHALTSVIHPVLIAQEDIGNLATRCDQLVDLIDAGLRNPLAK,MNKTIDQVRKGDCKSDLPVRRRPRRSAEETRREILAKAEELFRERGFNAVAIADIASALNMSPANVFKHFSSKNALVDAIGFGQIGVFERQICPLDKSHAPLDRLRHLARNLMEQHHQDHFKHIRVFIQILMTAKQDMKCGDYYKSVIAKLLAEIIRDGVEAGLYIATDIPVLAETVLHALTSVIHPVLIAQEDIGNLATRCDQLVDLIDAGLRNPLAK,2.9140776699029125
"D11V,D32E",MNKTIDQVRKGDRKSDLPVRRRPRRSAEETRRDILAKAEELFRERGFNAVAIADIASALNMSPANVFKHFSSKNALVDAIGFGQIGVFERQICPLDKSHAPLDRLRHLARNLMEQHHQDHFKHIRVFIQILMTAKQDMKCGDYYKSVIAKLLAEIIRDGVEAGLYIATDIPVLAETVLHALTSVIHPVLIAQEDIGNLATRCDQLVDLIDAGLRNPLAK,MNKTIDQVRKGVRKSDLPVRRRPRRSAEETRREILAKAEELFRERGFNAVAIADIASALNMSPANVFKHFSSKNALVDAIGFGQIGVFERQICPLDKSHAPLDRLRHLARNLMEQHHQDHFKHIRVFIQILMTAKQDMKCGDYYKSVIAKLLAEIIRDGVEAGLYIATDIPVLAETVLHALTSVIHPVLIAQEDIGNLATRCDQLVDLIDAGLRNPLAK,11.437640449438202
"D15H,D32E",MNKTIDQVRKGDRKSDLPVRRRPRRSAEETRRDILAKAEELFRERGFNAVAIADIASALNMSPANVFKHFSSKNALVDAIGFGQIGVFERQICPLDKSHAPLDRLRHLARNLMEQHHQDHFKHIRVFIQILMTAKQDMKCGDYYKSVIAKLLAEIIRDGVEAGLYIATDIPVLAETVLHALTSVIHPVLIAQEDIGNLATRCDQLVDLIDAGLRNPLAK,MNKTIDQVRKGDRKSHLPVRRRPRRSAEETRREILAKAEELFRERGFNAVAIADIASALNMSPANVFKHFSSKNALVDAIGFGQIGVFERQICPLDKSHAPLDRLRHLARNLMEQHHQDHFKHIRVFIQILMTAKQDMKCGDYYKSVIAKLLAEIIRDGVEAGLYIATDIPVLAETVLHALTSVIHPVLIAQEDIGNLATRCDQLVDLIDAGLRNPLAK,10.858510638297872
"D32E,S56R",MNKTIDQVRKGDRKSDLPVRRRPRRSAEETRRDILAKAEELFRERGFNAVAIADIASALNMSPANVFKHFSSKNALVDAIGFGQIGVFERQICPLDKSHAPLDRLRHLARNLMEQHHQDHFKHIRVFIQILMTAKQDMKCGDYYKSVIAKLLAEIIRDGVEAGLYIATDIPVLAETVLHALTSVIHPVLIAQEDIGNLATRCDQLVDLIDAGLRNPLAK,MNKTIDQVRKGDRKSDLPVRRRPRRSAEETRREILAKAEELFRERGFNAVAIADIARALNMSPANVFKHFSSKNALVDAIGFGQIGVFERQICPLDKSHAPLDRLRHLARNLMEQHHQDHFKHIRVFIQILMTAKQDMKCGDYYKSVIAKLLAEIIRDGVEAGLYIATDIPVLAETVLHALTSVIHPVLIAQEDIGNLATRCDQLVDLIDAGLRNPLAK,32.24047619047619
"A35T,S56R",MNKTIDQVRKGDRKSDLPVRRRPRRSAEETRRDILAKAEELFRERGFNAVAIADIASALNMSPANVFKHFSSKNALVDAIGFGQIGVFERQICPLDKSHAPLDRLRHLARNLMEQHHQDHFKHIRVFIQILMTAKQDMKCGDYYKSVIAKLLAEIIRDGVEAGLYIATDIPVLAETVLHALTSVIHPVLIAQEDIGNLATRCDQLVDLIDAGLRNPLAK,MNKTIDQVRKGDRKSDLPVRRRPRRSAEETRRDILTKAEELFRERGFNAVAIADIARALNMSPANVFKHFSSKNALVDAIGFGQIGVFERQICPLDKSHAPLDRLRHLARNLMEQHHQDHFKHIRVFIQILMTAKQDMKCGDYYKSVIAKLLAEIIRDGVEAGLYIATDIPVLAETVLHALTSVIHPVLIAQEDIGNLATRCDQLVDLIDAGLRNPLAK,14.128313253012049
"D32E,G45S",MNKTIDQVRKGDRKSDLPVRRRPRRSAEETRRDILAKAEELFRERGFNAVAIADIASALNMSPANVFKHFSSKNALVDAIGFGQIGVFERQICPLDKSHAPLDRLRHLARNLMEQHHQDHFKHIRVFIQILMTAKQDMKCGDYYKSVIAKLLAEIIRDGVEAGLYIATDIPVLAETVLHALTSVIHPVLIAQEDIGNLATRCDQLVDLIDAGLRNPLAK,MNKTIDQVRKGDRKSDLPVRRRPRRSAEETRREILAKAEELFRERSFNAVAIADIASALNMSPANVFKHFSSKNALVDAIGFGQIGVFERQICPLDKSHAPLDRLRHLARNLMEQHHQDHFKHIRVFIQILMTAKQDMKCGDYYKSVIAKLLAEIIRDGVEAGLYIATDIPVLAETVLHALTSVIHPVLIAQEDIGNLATRCDQLVDLIDAGLRNPLAK,10.016019417475729
"D32E,R42S",MNKTIDQVRKGDRKSDLPVRRRPRRSAEETRRDILAKAEELFRERGFNAVAIADIASALNMSPANVFKHFSSKNALVDAIGFGQIGVFERQICPLDKSHAPLDRLRHLARNLMEQHHQDHFKHIRVFIQILMTAKQDMKCGDYYKSVIAKLLAEIIRDGVEAGLYIATDIPVLAETVLHALTSVIHPVLIAQEDIGNLATRCDQLVDLIDAGLRNPLAK,MNKTIDQVRKGDRKSDLPVRRRPRRSAEETRREILAKAEELFSERGFNAVAIADIASALNMSPANVFKHFSSKNALVDAIGFGQIGVFERQICPLDKSHAPLDRLRHLARNLMEQHHQDHFKHIRVFIQILMTAKQDMKCGDYYKSVIAKLLAEIIRDGVEAGLYIATDIPVLAETVLHALTSVIHPVLIAQEDIGNLATRCDQLVDLIDAGLRNPLAK,24.105555555555558
"D32E,G45S,A50T",MNKTIDQVRKGDRKSDLPVRRRPRRSAEETRRDILAKAEELFRERGFNAVAIADIASALNMSPANVFKHFSSKNALVDAIGFGQIGVFERQICPLDKSHAPLDRLRHLARNLMEQHHQDHFKHIRVFIQILMTAKQDMKCGDYYKSVIAKLLAEIIRDGVEAGLYIATDIPVLAETVLHALTSVIHPVLIAQEDIGNLATRCDQLVDLIDAGLRNPLAK,MNKTIDQVRKGDRKSDLPVRRRPRRSAEETRREILAKAEELFRERSFNAVTIADIASALNMSPANVFKHFSSKNALVDAIGFGQIGVFERQICPLDKSHAPLDRLRHLARNLMEQHHQDHFKHIRVFIQILMTAKQDMKCGDYYKSVIAKLLAEIIRDGVEAGLYIATDIPVLAETVLHALTSVIHPVLIAQEDIGNLATRCDQLVDLIDAGLRNPLAK,13.982098765432099
"S56R,C92Y,P93L",MNKTIDQVRKGDRKSDLPVRRRPRRSAEETRRDILAKAEELFRERGFNAVAIADIASALNMSPANVFKHFSSKNALVDAIGFGQIGVFERQICPLDKSHAPLDRLRHLARNLMEQHHQDHFKHIRVFIQILMTAKQDMKCGDYYKSVIAKLLAEIIRDGVEAGLYIATDIPVLAETVLHALTSVIHPVLIAQEDIGNLATRCDQLVDLIDAGLRNPLAK,MNKTIDQVRKGDRKSDLPVRRRPRRSAEETRRDILAKAEELFRERGFNAVAIADIARALNMSPANVFKHFSSKNALVDAIGFGQIGVFERQIYLLDKSHAPLDRLRHLARNLMEQHHQDHFKHIRVFIQILMTAKQDMKCGDYYKSVIAKLLAEIIRDGVEAGLYIATDIPVLAETVLHALTSVIHPVLIAQEDIGNLATRCDQLVDLIDAGLRNPLAK,9.691304347826087
"I79V,P93L",MNKTIDQVRKGDRKSDLPVRRRPRRSAEETRRDILAKAEELFRERGFNAVAIADIASALNMSPANVFKHFSSKNALVDAIGFGQIGVFERQICPLDKSHAPLDRLRHLARNLMEQHHQDHFKHIRVFIQILMTAKQDMKCGDYYKSVIAKLLAEIIRDGVEAGLYIATDIPVLAETVLHALTSVIHPVLIAQEDIGNLATRCDQLVDLIDAGLRNPLAK,MNKTIDQVRKGDRKSDLPVRRRPRRSAEETRRDILAKAEELFRERGFNAVAIADIASALNMSPANVFKHFSSKNALVDAVGFGQIGVFERQICLLDKSHAPLDRLRHLARNLMEQHHQDHFKHIRVFIQILMTAKQDMKCGDYYKSVIAKLLAEIIRDGVEAGLYIATDIPVLAETVLHALTSVIHPVLIAQEDIGNLATRCDQLVDLIDAGLRNPLAK,13.16842105263158
"S56R,I79V,P93L,M112L",MNKTIDQVRKGDRKSDLPVRRRPRRSAEETRRDILAKAEELFRERGFNAVAIADIASALNMSPANVFKHFSSKNALVDAIGFGQIGVFERQICPLDKSHAPLDRLRHLARNLMEQHHQDHFKHIRVFIQILMTAKQDMKCGDYYKSVIAKLLAEIIRDGVEAGLYIATDIPVLAETVLHALTSVIHPVLIAQEDIGNLATRCDQLVDLIDAGLRNPLAK,MNKTIDQVRKGDRKSDLPVRRRPRRSAEETRRDILAKAEELFRERGFNAVAIADIARALNMSPANVFKHFSSKNALVDAVGFGQIGVFERQICLLDKSHAPLDRLRHLARNLLEQHHQDHFKHIRVFIQILMTAKQDMKCGDYYKSVIAKLLAEIIRDGVEAGLYIATDIPVLAETVLHALTSVIHPVLIAQEDIGNLATRCDQLVDLIDAGLRNPLAK,30.78255813953489
"S56R,I79V,P93L",MNKTIDQVRKGDRKSDLPVRRRPRRSAEETRRDILAKAEELFRERGFNAVAIADIASALNMSPANVFKHFSSKNALVDAIGFGQIGVFERQICPLDKSHAPLDRLRHLARNLMEQHHQDHFKHIRVFIQILMTAKQDMKCGDYYKSVIAKLLAEIIRDGVEAGLYIATDIPVLAETVLHALTSVIHPVLIAQEDIGNLATRCDQLVDLIDAGLRNPLAK,MNKTIDQVRKGDRKSDLPVRRRPRRSAEETRRDILAKAEELFRERGFNAVAIADIARALNMSPANVFKHFSSKNALVDAVGFGQIGVFERQICLLDKSHAPLDRLRHLARNLMEQHHQDHFKHIRVFIQILMTAKQDMKCGDYYKSVIAKLLAEIIRDGVEAGLYIATDIPVLAETVLHALTSVIHPVLIAQEDIGNLATRCDQLVDLIDAGLRNPLAK,34.60263157894737
"D118N,I123K",MNKTIDQVRKGDRKSDLPVRRRPRRSAEETRRDILAKAEELFRERGFNAVAIADIASALNMSPANVFKHFSSKNALVDAIGFGQIGVFERQICPLDKSHAPLDRLRHLARNLMEQHHQDHFKHIRVFIQILMTAKQDMKCGDYYKSVIAKLLAEIIRDGVEAGLYIATDIPVLAETVLHALTSVIHPVLIAQEDIGNLATRCDQLVDLIDAGLRNPLAK,MNKTIDQVRKGDRKSDLPVRRRPRRSAEETRRDILAKAEELFRERGFNAVAIADIASALNMSPANVFKHFSSKNALVDAIGFGQIGVFERQICPLDKSHAPLDRLRHLARNLMEQHHQNHFKHKRVFIQILMTAKQDMKCGDYYKSVIAKLLAEIIRDGVEAGLYIATDIPVLAETVLHALTSVIHPVLIAQEDIGNLATRCDQLVDLIDAGLRNPLAK,0.7844322344322334
"I79V,V187F",MNKTIDQVRKGDRKSDLPVRRRPRRSAEETRRDILAKAEELFRERGFNAVAIADIASALNMSPANVFKHFSSKNALVDAIGFGQIGVFERQICPLDKSHAPLDRLRHLARNLMEQHHQDHFKHIRVFIQILMTAKQDMKCGDYYKSVIAKLLAEIIRDGVEAGLYIATDIPVLAETVLHALTSVIHPVLIAQEDIGNLATRCDQLVDLIDAGLRNPLAK,MNKTIDQVRKGDRKSDLPVRRRPRRSAEETRRDILAKAEELFRERGFNAVAIADIASALNMSPANVFKHFSSKNALVDAVGFGQIGVFERQICPLDKSHAPLDRLRHLARNLMEQHHQDHFKHIRVFIQILMTAKQDMKCGDYYKSVIAKLLAEIIRDGVEAGLYIATDIPVLAETVLHALTSVIHPFLIAQEDIGNLATRCDQLVDLIDAGLRNPLAK,9.426190476190477
"G82V,V187F",MNKTIDQVRKGDRKSDLPVRRRPRRSAEETRRDILAKAEELFRERGFNAVAIADIASALNMSPANVFKHFSSKNALVDAIGFGQIGVFERQICPLDKSHAPLDRLRHLARNLMEQHHQDHFKHIRVFIQILMTAKQDMKCGDYYKSVIAKLLAEIIRDGVEAGLYIATDIPVLAETVLHALTSVIHPVLIAQEDIGNLATRCDQLVDLIDAGLRNPLAK,MNKTIDQVRKGDRKSDLPVRRRPRRSAEETRRDILAKAEELFRERGFNAVAIADIASALNMSPANVFKHFSSKNALVDAIGFVQIGVFERQICPLDKSHAPLDRLRHLARNLMEQHHQDHFKHIRVFIQILMTAKQDMKCGDYYKSVIAKLLAEIIRDGVEAGLYIATDIPVLAETVLHALTSVIHPFLIAQEDIGNLATRCDQLVDLIDAGLRNPLAK,6.064925373134327
"G82V,V187F,Q203R",MNKTIDQVRKGDRKSDLPVRRRPRRSAEETRRDILAKAEELFRERGFNAVAIADIASALNMSPANVFKHFSSKNALVDAIGFGQIGVFERQICPLDKSHAPLDRLRHLARNLMEQHHQDHFKHIRVFIQILMTAKQDMKCGDYYKSVIAKLLAEIIRDGVEAGLYIATDIPVLAETVLHALTSVIHPVLIAQEDIGNLATRCDQLVDLIDAGLRNPLAK,MNKTIDQVRKGDRKSDLPVRRRPRRSAEETRRDILAKAEELFRERGFNAVAIADIASALNMSPANVFKHFSSKNALVDAIGFVQIGVFERQICPLDKSHAPLDRLRHLARNLMEQHHQDHFKHIRVFIQILMTAKQDMKCGDYYKSVIAKLLAEIIRDGVEAGLYIATDIPVLAETVLHALTSVIHPFLIAQEDIGNLATRCDRLVDLIDAGLRNPLAK,7.121428571428571
"G82V,Q203H,A217T",MNKTIDQVRKGDRKSDLPVRRRPRRSAEETRRDILAKAEELFRERGFNAVAIADIASALNMSPANVFKHFSSKNALVDAIGFGQIGVFERQICPLDKSHAPLDRLRHLARNLMEQHHQDHFKHIRVFIQILMTAKQDMKCGDYYKSVIAKLLAEIIRDGVEAGLYIATDIPVLAETVLHALTSVIHPVLIAQEDIGNLATRCDQLVDLIDAGLRNPLAK,MNKTIDQVRKGDRKSDLPVRRRPRRSAEETRRDILAKAEELFRERGFNAVAIADIASALNMSPANVFKHFSSKNALVDAIGFVQIGVFERQICPLDKSHAPLDRLRHLARNLMEQHHQDHFKHIRVFIQILMTAKQDMKCGDYYKSVIAKLLAEIIRDGVEAGLYIATDIPVLAETVLHALTSVIHPVLIAQEDIGNLATRCDHLVDLIDAGLRNPLTK,27.305102040816323
"I33V,S56R,P93L,D118N",MNKTIDQVRKGDRKSDLPVRRRPRRSAEETRRDILAKAEELFRERGFNAVAIADIASALNMSPANVFKHFSSKNALVDAIGFGQIGVFERQICPLDKSHAPLDRLRHLARNLMEQHHQDHFKHIRVFIQILMTAKQDMKCGDYYKSVIAKLLAEIIRDGVEAGLYIATDIPVLAETVLHALTSVIHPVLIAQEDIGNLATRCDQLVDLIDAGLRNPLAK,MNKTIDQVRKGDRKSDLPVRRRPRRSAEETRRDVLAKAEELFRERGFNAVAIADIARALNMSPANVFKHFSSKNALVDAIGFGQIGVFERQICLLDKSHAPLDRLRHLARNLMEQHHQNHFKHIRVFIQILMTAKQDMKCGDYYKSVIAKLLAEIIRDGVEAGLYIATDIPVLAETVLHALTSVIHPVLIAQEDIGNLATRCDQLVDLIDAGLRNPLAK,5.55
"S56R,C92R,P93L",MNKTIDQVRKGDRKSDLPVRRRPRRSAEETRRDILAKAEELFRERGFNAVAIADIASALNMSPANVFKHFSSKNALVDAIGFGQIGVFERQICPLDKSHAPLDRLRHLARNLMEQHHQDHFKHIRVFIQILMTAKQDMKCGDYYKSVIAKLLAEIIRDGVEAGLYIATDIPVLAETVLHALTSVIHPVLIAQEDIGNLATRCDQLVDLIDAGLRNPLAK,MNKTIDQVRKGDRKSDLPVRRRPRRSAEETRRDILAKAEELFRERGFNAVAIADIARALNMSPANVFKHFSSKNALVDAIGFGQIGVFERQIRLLDKSHAPLDRLRHLARNLMEQHHQDHFKHIRVFIQILMTAKQDMKCGDYYKSVIAKLLAEIIRDGVEAGLYIATDIPVLAETVLHALTSVIHPVLIAQEDIGNLATRCDQLVDLIDAGLRNPLAK,39.961764705882345
"S56R,P93L,V187F",MNKTIDQVRKGDRKSDLPVRRRPRRSAEETRRDILAKAEELFRERGFNAVAIADIASALNMSPANVFKHFSSKNALVDAIGFGQIGVFERQICPLDKSHAPLDRLRHLARNLMEQHHQDHFKHIRVFIQILMTAKQDMKCGDYYKSVIAKLLAEIIRDGVEAGLYIATDIPVLAETVLHALTSVIHPVLIAQEDIGNLATRCDQLVDLIDAGLRNPLAK,MNKTIDQVRKGDRKSDLPVRRRPRRSAEETRRDILAKAEELFRERGFNAVAIADIARALNMSPANVFKHFSSKNALVDAIGFGQIGVFERQICLLDKSHAPLDRLRHLARNLMEQHHQDHFKHIRVFIQILMTAKQDMKCGDYYKSVIAKLLAEIIRDGVEAGLYIATDIPVLAETVLHALTSVIHPFLIAQEDIGNLATRCDQLVDLIDAGLRNPLAK,30.731818181818188
"A35S,S56R,P93L",MNKTIDQVRKGDRKSDLPVRRRPRRSAEETRRDILAKAEELFRERGFNAVAIADIASALNMSPANVFKHFSSKNALVDAIGFGQIGVFERQICPLDKSHAPLDRLRHLARNLMEQHHQDHFKHIRVFIQILMTAKQDMKCGDYYKSVIAKLLAEIIRDGVEAGLYIATDIPVLAETVLHALTSVIHPVLIAQEDIGNLATRCDQLVDLIDAGLRNPLAK,MNKTIDQVRKGDRKSDLPVRRRPRRSAEETRRDILSKAEELFRERGFNAVAIADIARALNMSPANVFKHFSSKNALVDAIGFGQIGVFERQICLLDKSHAPLDRLRHLARNLMEQHHQDHFKHIRVFIQILMTAKQDMKCGDYYKSVIAKLLAEIIRDGVEAGLYIATDIPVLAETVLHALTSVIHPVLIAQEDIGNLATRCDQLVDLIDAGLRNPLAK,33.06219512195122
"D32E,S56R,P93L,V187F",MNKTIDQVRKGDRKSDLPVRRRPRRSAEETRRDILAKAEELFRERGFNAVAIADIASALNMSPANVFKHFSSKNALVDAIGFGQIGVFERQICPLDKSHAPLDRLRHLARNLMEQHHQDHFKHIRVFIQILMTAKQDMKCGDYYKSVIAKLLAEIIRDGVEAGLYIATDIPVLAETVLHALTSVIHPVLIAQEDIGNLATRCDQLVDLIDAGLRNPLAK,MNKTIDQVRKGDRKSDLPVRRRPRRSAEETRREILAKAEELFRERGFNAVAIADIARALNMSPANVFKHFSSKNALVDAIGFGQIGVFERQICLLDKSHAPLDRLRHLARNLMEQHHQDHFKHIRVFIQILMTAKQDMKCGDYYKSVIAKLLAEIIRDGVEAGLYIATDIPVLAETVLHALTSVIHPFLIAQEDIGNLATRCDQLVDLIDAGLRNPLAK,51.40714285714285
"D32E,S56R,R156H,V187L",MNKTIDQVRKGDRKSDLPVRRRPRRSAEETRRDILAKAEELFRERGFNAVAIADIASALNMSPANVFKHFSSKNALVDAIGFGQIGVFERQICPLDKSHAPLDRLRHLARNLMEQHHQDHFKHIRVFIQILMTAKQDMKCGDYYKSVIAKLLAEIIRDGVEAGLYIATDIPVLAETVLHALTSVIHPVLIAQEDIGNLATRCDQLVDLIDAGLRNPLAK,MNKTIDQVRKGDRKSDLPVRRRPRRSAEETRREILAKAEELFRERGFNAVAIADIARALNMSPANVFKHFSSKNALVDAIGFGQIGVFERQICPLDKSHAPLDRLRHLARNLMEQHHQDHFKHIRVFIQILMTAKQDMKCGDYYKSVIAKLLAEIIHDGVEAGLYIATDIPVLAETVLHALTSVIHPLLIAQEDIGNLATRCDQLVDLIDAGLRNPLAK,28.686363636363634
"R31H,D32E,S56R,V187I",MNKTIDQVRKGDRKSDLPVRRRPRRSAEETRRDILAKAEELFRERGFNAVAIADIASALNMSPANVFKHFSSKNALVDAIGFGQIGVFERQICPLDKSHAPLDRLRHLARNLMEQHHQDHFKHIRVFIQILMTAKQDMKCGDYYKSVIAKLLAEIIRDGVEAGLYIATDIPVLAETVLHALTSVIHPVLIAQEDIGNLATRCDQLVDLIDAGLRNPLAK,MNKTIDQVRKGDRKSDLPVRRRPRRSAEETRHEILAKAEELFRERGFNAVAIADIARALNMSPANVFKHFSSKNALVDAIGFGQIGVFERQICPLDKSHAPLDRLRHLARNLMEQHHQDHFKHIRVFIQILMTAKQDMKCGDYYKSVIAKLLAEIIRDGVEAGLYIATDIPVLAETVLHALTSVIHPILIAQEDIGNLATRCDQLVDLIDAGLRNPLAK,40.79242424242424
"A35T,S56R,V205I",MNKTIDQVRKGDRKSDLPVRRRPRRSAEETRRDILAKAEELFRERGFNAVAIADIASALNMSPANVFKHFSSKNALVDAIGFGQIGVFERQICPLDKSHAPLDRLRHLARNLMEQHHQDHFKHIRVFIQILMTAKQDMKCGDYYKSVIAKLLAEIIRDGVEAGLYIATDIPVLAETVLHALTSVIHPVLIAQEDIGNLATRCDQLVDLIDAGLRNPLAK,MNKTIDQVRKGDRKSDLPVRRRPRRSAEETRRDILTKAEELFRERGFNAVAIADIARALNMSPANVFKHFSSKNALVDAIGFGQIGVFERQICPLDKSHAPLDRLRHLARNLMEQHHQDHFKHIRVFIQILMTAKQDMKCGDYYKSVIAKLLAEIIRDGVEAGLYIATDIPVLAETVLHALTSVIHPVLIAQEDIGNLATRCDQLIDLIDAGLRNPLAK,56.506521739130434
"A35T,R42S,S56R,V187I,V205I",MNKTIDQVRKGDRKSDLPVRRRPRRSAEETRRDILAKAEELFRERGFNAVAIADIASALNMSPANVFKHFSSKNALVDAIGFGQIGVFERQICPLDKSHAPLDRLRHLARNLMEQHHQDHFKHIRVFIQILMTAKQDMKCGDYYKSVIAKLLAEIIRDGVEAGLYIATDIPVLAETVLHALTSVIHPVLIAQEDIGNLATRCDQLVDLIDAGLRNPLAK,MNKTIDQVRKGDRKSDLPVRRRPRRSAEETRRDILTKAEELFSERGFNAVAIADIARALNMSPANVFKHFSSKNALVDAIGFGQIGVFERQICPLDKSHAPLDRLRHLARNLMEQHHQDHFKHIRVFIQILMTAKQDMKCGDYYKSVIAKLLAEIIRDGVEAGLYIATDIPVLAETVLHALTSVIHPILIAQEDIGNLATRCDQLIDLIDAGLRNPLAK,40.285294117647055
"R42S,S56R,V187I",MNKTIDQVRKGDRKSDLPVRRRPRRSAEETRRDILAKAEELFRERGFNAVAIADIASALNMSPANVFKHFSSKNALVDAIGFGQIGVFERQICPLDKSHAPLDRLRHLARNLMEQHHQDHFKHIRVFIQILMTAKQDMKCGDYYKSVIAKLLAEIIRDGVEAGLYIATDIPVLAETVLHALTSVIHPVLIAQEDIGNLATRCDQLVDLIDAGLRNPLAK,MNKTIDQVRKGDRKSDLPVRRRPRRSAEETRRDILAKAEELFSERGFNAVAIADIARALNMSPANVFKHFSSKNALVDAIGFGQIGVFERQICPLDKSHAPLDRLRHLARNLMEQHHQDHFKHIRVFIQILMTAKQDMKCGDYYKSVIAKLLAEIIRDGVEAGLYIATDIPVLAETVLHALTSVIHPILIAQEDIGNLATRCDQLVDLIDAGLRNPLAK,26.341666666666665
"A35S,R42S,G45S,S56R,V205I",MNKTIDQVRKGDRKSDLPVRRRPRRSAEETRRDILAKAEELFRERGFNAVAIADIASALNMSPANVFKHFSSKNALVDAIGFGQIGVFERQICPLDKSHAPLDRLRHLARNLMEQHHQDHFKHIRVFIQILMTAKQDMKCGDYYKSVIAKLLAEIIRDGVEAGLYIATDIPVLAETVLHALTSVIHPVLIAQEDIGNLATRCDQLVDLIDAGLRNPLAK,MNKTIDQVRKGDRKSDLPVRRRPRRSAEETRRDILSKAEELFSERSFNAVAIADIARALNMSPANVFKHFSSKNALVDAIGFGQIGVFERQICPLDKSHAPLDRLRHLARNLMEQHHQDHFKHIRVFIQILMTAKQDMKCGDYYKSVIAKLLAEIIRDGVEAGLYIATDIPVLAETVLHALTSVIHPVLIAQEDIGNLATRCDQLIDLIDAGLRNPLAK,14.757792207792207
"R42S,S56R,G82V,P93L,V187F,A198S,G211S",MNKTIDQVRKGDRKSDLPVRRRPRRSAEETRRDILAKAEELFRERGFNAVAIADIASALNMSPANVFKHFSSKNALVDAIGFGQIGVFERQICPLDKSHAPLDRLRHLARNLMEQHHQDHFKHIRVFIQILMTAKQDMKCGDYYKSVIAKLLAEIIRDGVEAGLYIATDIPVLAETVLHALTSVIHPVLIAQEDIGNLATRCDQLVDLIDAGLRNPLAK,MNKTIDQVRKGDRKSDLPVRRRPRRSAEETRRDILAKAEELFSERGFNAVAIADIARALNMSPANVFKHFSSKNALVDAIGFVQIGVFERQICLLDKSHAPLDRLRHLARNLMEQHHQDHFKHIRVFIQILMTAKQDMKCGDYYKSVIAKLLAEIIRDGVEAGLYIATDIPVLAETVLHALTSVIHPFLIAQEDIGNLSTRCDQLVDLIDASLRNPLAK,40.32777777777778
"S56R,G82V,P93L,V187F,A198S,G211S",MNKTIDQVRKGDRKSDLPVRRRPRRSAEETRRDILAKAEELFRERGFNAVAIADIASALNMSPANVFKHFSSKNALVDAIGFGQIGVFERQICPLDKSHAPLDRLRHLARNLMEQHHQDHFKHIRVFIQILMTAKQDMKCGDYYKSVIAKLLAEIIRDGVEAGLYIATDIPVLAETVLHALTSVIHPVLIAQEDIGNLATRCDQLVDLIDAGLRNPLAK,MNKTIDQVRKGDRKSDLPVRRRPRRSAEETRRDILAKAEELFRERGFNAVAIADIARALNMSPANVFKHFSSKNALVDAIGFVQIGVFERQICLLDKSHAPLDRLRHLARNLMEQHHQDHFKHIRVFIQILMTAKQDMKCGDYYKSVIAKLLAEIIRDGVEAGLYIATDIPVLAETVLHALTSVIHPFLIAQEDIGNLSTRCDQLVDLIDASLRNPLAK,47.68333333333333
"D32E,R42S,S56R,C92R,H116R",MNKTIDQVRKGDRKSDLPVRRRPRRSAEETRRDILAKAEELFRERGFNAVAIADIASALNMSPANVFKHFSSKNALVDAIGFGQIGVFERQICPLDKSHAPLDRLRHLARNLMEQHHQDHFKHIRVFIQILMTAKQDMKCGDYYKSVIAKLLAEIIRDGVEAGLYIATDIPVLAETVLHALTSVIHPVLIAQEDIGNLATRCDQLVDLIDAGLRNPLAK,MNKTIDQVRKGDRKSDLPVRRRPRRSAEETRREILAKAEELFSERGFNAVAIADIARALNMSPANVFKHFSSKNALVDAIGFGQIGVFERQIRPLDKSHAPLDRLRRLARNLMEQHHQDHFKHIRVFIQILMTAKQDMKCGDYYKSVIAKLLAEIIRDGVEAGLYIATDIPVLAETVLHALTSVIHPVLIAQEDIGNLATRCDQLVDLIDAGLRNPLAK,44.20624999999999
"D32E,R42S,S56R,C92R,D118H",MNKTIDQVRKGDRKSDLPVRRRPRRSAEETRRDILAKAEELFRERGFNAVAIADIASALNMSPANVFKHFSSKNALVDAIGFGQIGVFERQICPLDKSHAPLDRLRHLARNLMEQHHQDHFKHIRVFIQILMTAKQDMKCGDYYKSVIAKLLAEIIRDGVEAGLYIATDIPVLAETVLHALTSVIHPVLIAQEDIGNLATRCDQLVDLIDAGLRNPLAK,MNKTIDQVRKGDRKSDLPVRRRPRRSAEETRREILAKAEELFSERGFNAVAIADIARALNMSPANVFKHFSSKNALVDAIGFGQIGVFERQIRPLDKSHAPLDRLRHLARNLMEQHHQHHFKHIRVFIQILMTAKQDMKCGDYYKSVIAKLLAEIIRDGVEAGLYIATDIPVLAETVLHALTSVIHPVLIAQEDIGNLATRCDQLVDLIDAGLRNPLAK,42.52058823529411
"D32E,S56R,A74T,C92R",MNKTIDQVRKGDRKSDLPVRRRPRRSAEETRRDILAKAEELFRERGFNAVAIADIASALNMSPANVFKHFSSKNALVDAIGFGQIGVFERQICPLDKSHAPLDRLRHLARNLMEQHHQDHFKHIRVFIQILMTAKQDMKCGDYYKSVIAKLLAEIIRDGVEAGLYIATDIPVLAETVLHALTSVIHPVLIAQEDIGNLATRCDQLVDLIDAGLRNPLAK,MNKTIDQVRKGDRKSDLPVRRRPRRSAEETRREILAKAEELFRERGFNAVAIADIARALNMSPANVFKHFSSKNTLVDAIGFGQIGVFERQIRPLDKSHAPLDRLRHLARNLMEQHHQDHFKHIRVFIQILMTAKQDMKCGDYYKSVIAKLLAEIIRDGVEAGLYIATDIPVLAETVLHALTSVIHPVLIAQEDIGNLATRCDQLVDLIDAGLRNPLAK,41.79242424242424
"D32E,R42S,S56R,A74T,C92R",MNKTIDQVRKGDRKSDLPVRRRPRRSAEETRRDILAKAEELFRERGFNAVAIADIASALNMSPANVFKHFSSKNALVDAIGFGQIGVFERQICPLDKSHAPLDRLRHLARNLMEQHHQDHFKHIRVFIQILMTAKQDMKCGDYYKSVIAKLLAEIIRDGVEAGLYIATDIPVLAETVLHALTSVIHPVLIAQEDIGNLATRCDQLVDLIDAGLRNPLAK,MNKTIDQVRKGDRKSDLPVRRRPRRSAEETRREILAKAEELFSERGFNAVAIADIARALNMSPANVFKHFSSKNTLVDAIGFGQIGVFERQIRPLDKSHAPLDRLRHLARNLMEQHHQDHFKHIRVFIQILMTAKQDMKCGDYYKSVIAKLLAEIIRDGVEAGLYIATDIPVLAETVLHALTSVIHPVLIAQEDIGNLATRCDQLVDLIDAGLRNPLAK,40.63823529411764
"D32E,R42G,A52T,S56R,A74V,P93L,D118N",MNKTIDQVRKGDRKSDLPVRRRPRRSAEETRRDILAKAEELFRERGFNAVAIADIASALNMSPANVFKHFSSKNALVDAIGFGQIGVFERQICPLDKSHAPLDRLRHLARNLMEQHHQDHFKHIRVFIQILMTAKQDMKCGDYYKSVIAKLLAEIIRDGVEAGLYIATDIPVLAETVLHALTSVIHPVLIAQEDIGNLATRCDQLVDLIDAGLRNPLAK,MNKTIDQVRKGDRKSDLPVRRRPRRSAEETRREILAKAEELFGERGFNAVAITDIARALNMSPANVFKHFSSKNVLVDAIGFGQIGVFERQICLLDKSHAPLDRLRHLARNLMEQHHQNHFKHIRVFIQILMTAKQDMKCGDYYKSVIAKLLAEIIRDGVEAGLYIATDIPVLAETVLHALTSVIHPVLIAQEDIGNLATRCDQLVDLIDAGLRNPLAK,86.43235294117646
"R42G,A52T,S56R,A74V,P93L,D118N",MNKTIDQVRKGDRKSDLPVRRRPRRSAEETRRDILAKAEELFRERGFNAVAIADIASALNMSPANVFKHFSSKNALVDAIGFGQIGVFERQICPLDKSHAPLDRLRHLARNLMEQHHQDHFKHIRVFIQILMTAKQDMKCGDYYKSVIAKLLAEIIRDGVEAGLYIATDIPVLAETVLHALTSVIHPVLIAQEDIGNLATRCDQLVDLIDAGLRNPLAK,MNKTIDQVRKGDRKSDLPVRRRPRRSAEETRRDILAKAEELFGERGFNAVAITDIARALNMSPANVFKHFSSKNVLVDAIGFGQIGVFERQICLLDKSHAPLDRLRHLARNLMEQHHQNHFKHIRVFIQILMTAKQDMKCGDYYKSVIAKLLAEIIRDGVEAGLYIATDIPVLAETVLHALTSVIHPVLIAQEDIGNLATRCDQLVDLIDAGLRNPLAK,55.550000000000004
"S56R,P93L,V205I",MNKTIDQVRKGDRKSDLPVRRRPRRSAEETRRDILAKAEELFRERGFNAVAIADIASALNMSPANVFKHFSSKNALVDAIGFGQIGVFERQICPLDKSHAPLDRLRHLARNLMEQHHQDHFKHIRVFIQILMTAKQDMKCGDYYKSVIAKLLAEIIRDGVEAGLYIATDIPVLAETVLHALTSVIHPVLIAQEDIGNLATRCDQLVDLIDAGLRNPLAK,MNKTIDQVRKGDRKSDLPVRRRPRRSAEETRRDILAKAEELFRERGFNAVAIADIARALNMSPANVFKHFSSKNALVDAIGFGQIGVFERQICLLDKSHAPLDRLRHLARNLMEQHHQDHFKHIRVFIQILMTAKQDMKCGDYYKSVIAKLLAEIIRDGVEAGLYIATDIPVLAETVLHALTSVIHPVLIAQEDIGNLATRCDQLIDLIDAGLRNPLAK,46.90483870967741
"S56R,A74T,C92R,P93L,D118N",MNKTIDQVRKGDRKSDLPVRRRPRRSAEETRRDILAKAEELFRERGFNAVAIADIASALNMSPANVFKHFSSKNALVDAIGFGQIGVFERQICPLDKSHAPLDRLRHLARNLMEQHHQDHFKHIRVFIQILMTAKQDMKCGDYYKSVIAKLLAEIIRDGVEAGLYIATDIPVLAETVLHALTSVIHPVLIAQEDIGNLATRCDQLVDLIDAGLRNPLAK,MNKTIDQVRKGDRKSDLPVRRRPRRSAEETRRDILAKAEELFRERGFNAVAIADIARALNMSPANVFKHFSSKNTLVDAIGFGQIGVFERQIRLLDKSHAPLDRLRHLARNLMEQHHQNHFKHIRVFIQILMTAKQDMKCGDYYKSVIAKLLAEIIRDGVEAGLYIATDIPVLAETVLHALTSVIHPVLIAQEDIGNLATRCDQLVDLIDAGLRNPLAK,52.11666666666667
"S56R,E88V,C92R,D118N,V205I",MNKTIDQVRKGDRKSDLPVRRRPRRSAEETRRDILAKAEELFRERGFNAVAIADIASALNMSPANVFKHFSSKNALVDAIGFGQIGVFERQICPLDKSHAPLDRLRHLARNLMEQHHQDHFKHIRVFIQILMTAKQDMKCGDYYKSVIAKLLAEIIRDGVEAGLYIATDIPVLAETVLHALTSVIHPVLIAQEDIGNLATRCDQLVDLIDAGLRNPLAK,MNKTIDQVRKGDRKSDLPVRRRPRRSAEETRRDILAKAEELFRERGFNAVAIADIARALNMSPANVFKHFSSKNALVDAIGFGQIGVFERQICPLDKSHAPLDRLRHLARNLMEQHHQNHFKHIRVFIQILMTAKQDMKCGDYYKSVIAKLLAEIIRDGVEAGLYIATDIPVLAETVLHALTSVIHPVLIAQEDIGNLATRCDQLIDLIDAGLRNPLAK,51.29999999999999
K134R,MNKTIDQVRKGDRKSDLPVRRRPRRSAEETRRDILAKAEELFRERGFNAVAIADIASALNMSPANVFKHFSSKNALVDAIGFGQIGVFERQICPLDKSHAPLDRLRHLARNLMEQHHQDHFKHIRVFIQILMTAKQDMKCGDYYKSVIAKLLAEIIRDGVEAGLYIATDIPVLAETVLHALTSVIHPVLIAQEDIGNLATRCDQLVDLIDAGLRNPLAK,MNKTIDQVRKGDRKSDLPVRRRPRRSAEETRRDILAKAEELFRERGFNAVAIADIASALNMSPANVFKHFSSKNALVDAIGFGQIGVFERQICPLDKSHAPLDRLRHLARNLMEQHHQDHFKHIRVFIQILMTARQDMKCGDYYKSVIAKLLAEIIRDGVEAGLYIATDIPVLAETVLHALTSVIHPVLIAQEDIGNLATRCDQLVDLIDAGLRNPLAK,-1.4770635994587282
"S56R,N59K",MNKTIDQVRKGDRKSDLPVRRRPRRSAEETRRDILAKAEELFRERGFNAVAIADIASALNMSPANVFKHFSSKNALVDAIGFGQIGVFERQICPLDKSHAPLDRLRHLARNLMEQHHQDHFKHIRVFIQILMTAKQDMKCGDYYKSVIAKLLAEIIRDGVEAGLYIATDIPVLAETVLHALTSVIHPVLIAQEDIGNLATRCDQLVDLIDAGLRNPLAK,MNKTIDQVRKGDRKSDLPVRRRPRRSAEETRRDILAKAEELFRERGFNAVAIADIARALKMSPANVFKHFSSKNALVDAIGFGQIGVFERQICPLDKSHAPLDRLRHLARNLMEQHHQDHFKHIRVFIQILMTAKQDMKCGDYYKSVIAKLLAEIIRDGVEAGLYIATDIPVLAETVLHALTSVIHPVLIAQEDIGNLATRCDQLVDLIDAGLRNPLAK,24.10769230769231
A57S,MNKTIDQVRKGDRKSDLPVRRRPRRSAEETRRDILAKAEELFRERGFNAVAIADIASALNMSPANVFKHFSSKNALVDAIGFGQIGVFERQICPLDKSHAPLDRLRHLARNLMEQHHQDHFKHIRVFIQILMTAKQDMKCGDYYKSVIAKLLAEIIRDGVEAGLYIATDIPVLAETVLHALTSVIHPVLIAQEDIGNLATRCDQLVDLIDAGLRNPLAK,MNKTIDQVRKGDRKSDLPVRRRPRRSAEETRRDILAKAEELFRERGFNAVAIADIASSLNMSPANVFKHFSSKNALVDAIGFGQIGVFERQICPLDKSHAPLDRLRHLARNLMEQHHQDHFKHIRVFIQILMTAKQDMKCGDYYKSVIAKLLAEIIRDGVEAGLYIATDIPVLAETVLHALTSVIHPVLIAQEDIGNLATRCDQLVDLIDAGLRNPLAK,-0.15234986945169782
M112L,MNKTIDQVRKGDRKSDLPVRRRPRRSAEETRRDILAKAEELFRERGFNAVAIADIASALNMSPANVFKHFSSKNALVDAIGFGQIGVFERQICPLDKSHAPLDRLRHLARNLMEQHHQDHFKHIRVFIQILMTAKQDMKCGDYYKSVIAKLLAEIIRDGVEAGLYIATDIPVLAETVLHALTSVIHPVLIAQEDIGNLATRCDQLVDLIDAGLRNPLAK,MNKTIDQVRKGDRKSDLPVRRRPRRSAEETRRDILAKAEELFRERGFNAVAIADIASALNMSPANVFKHFSSKNALVDAIGFGQIGVFERQICPLDKSHAPLDRLRHLARNLLEQHHQDHFKHIRVFIQILMTAKQDMKCGDYYKSVIAKLLAEIIRDGVEAGLYIATDIPVLAETVLHALTSVIHPVLIAQEDIGNLATRCDQLVDLIDAGLRNPLAK,0.3566298342541434
